antecedent,consequent,support,confidence,lift
"('Extra Packing Plastik Buble Warp',)","('Packing Kayu Standard',)",0.0096711798839458,0.3571428571428564,9.232142857142852
"('Packing Kayu Standard',)","('Extra Packing Plastik Buble Warp',)",0.0096711798839458,0.24999999999999936,9.232142857142852
"('Komputer Mini Pc Kit Intel Nuc Nuc5I3Ryh I3 Ram 4Gb Ssd 120Gb',)","('Vga Gaming Vurrion Gtx 750 Ti 4Gb Ddr5 128Bit Gaming Vga Ori',)",0.0096711798839458,0.263157894736841,0.8665772712034827
"('Vga Gaming Vurrion Gtx 750 Ti 4Gb Ddr5 128Bit Gaming Vga Ori',)","('Komputer Mini Pc Kit Intel Nuc Nuc5I3Ryh I3 Ram 4Gb Ssd 120Gb',)",0.0096711798839458,0.03184713375796165,0.8665772712034828
"('Packing Kayu Standard',)","('Vga Gaming Vurrion Gtx 750 Ti 4Gb Ddr5 128Bit Gaming Vga Ori',)",0.0154738878143133,0.39999999999999947,1.3171974522292975
"('Vga Gaming Vurrion Gtx 750 Ti 4Gb Ddr5 128Bit Gaming Vga Ori',)","('Packing Kayu Standard',)",0.0154738878143133,0.050955414012738696,1.3171974522292975
"('Corsair Rm750 750 Watt 80 Plus Gold Fully Modular Psu Cp 9020195 Eu',)","('Vga Gaming Vurrion Gtx 750 Ti 4Gb Ddr5 128Bit Gaming Vga Ori',)",0.011605415860735,0.30000000000000027,0.9878980891719754
"('Vga Gaming Vurrion Gtx 750 Ti 4Gb Ddr5 128Bit Gaming Vga Ori',)","('Corsair Rm750 750 Watt 80 Plus Gold Fully Modular Psu Cp 9020195 Eu',)",0.011605415860735,0.038216560509554104,0.9878980891719753
"('Aerocool Lux Rgb 650M Modular Psu 80 Bronze 650W',)","('Vga Gaming Vurrion Gtx 750 Ti 4Gb Ddr5 128Bit Gaming Vga Ori',)",0.0096711798839458,0.4101914226639085,1.35075774214803
"('Vga Gaming Vurrion Gtx 750 Ti 4Gb Ddr5 128Bit Gaming Vga Ori',)","('Aerocool Lux Rgb 650M Modular Psu 80 Bronze 650W',)",0.0096711798839458,0.03184713375796165,1.35075774214803
"('Aerocool Lux Rgb 650M Modular Psu 80 Bronze 650W',)","('Hardisk Pc 500Gb Hdd Hdd Internal Komputer 500 Gb Sata 3 5', 'Vga Gaming Vurrion Gtx 750 Ti 4Gb Ddr5 128Bit Gaming Vga Ori')",0.0135396518375241,0.574267991729471,26.9905956112852
"('Hardisk Pc 500Gb Hdd Hdd Internal Komputer 500 Gb Sata 3 5',)","('Aerocool Lux Rgb 650M Modular Psu 80 Bronze 650W', 'Vga Gaming Vurrion Gtx 750 Ti 4Gb Ddr5 128Bit Gaming Vga Ori')",0.0135396518375241,0.3543355693649928,36.63829787234041
"('Vga Gaming Vurrion Gtx 750 Ti 4Gb Ddr5 128Bit Gaming Vga Ori',)","('Aerocool Lux Rgb 650M Modular Psu 80 Bronze 650W', 'Hardisk Pc 500Gb Hdd Hdd Internal Komputer 500 Gb Sata 3 5')",0.0135396518375241,0.04458598726114624,3.2929936305732483
"('Aerocool Lux Rgb 650M Modular Psu 80 Bronze 650W', 'Hardisk Pc 500Gb Hdd Hdd Internal Komputer 500 Gb Sata 3 5')","('Vga Gaming Vurrion Gtx 750 Ti 4Gb Ddr5 128Bit Gaming Vga Ori',)",0.0135396518375241,1.0,3.2929936305732483
"('Aerocool Lux Rgb 650M Modular Psu 80 Bronze 650W', 'Vga Gaming Vurrion Gtx 750 Ti 4Gb Ddr5 128Bit Gaming Vga Ori')","('Hardisk Pc 500Gb Hdd Hdd Internal Komputer 500 Gb Sata 3 5',)",0.0135396518375241,1.399999999999998,36.63829787234041
"('Hardisk Pc 500Gb Hdd Hdd Internal Komputer 500 Gb Sata 3 5', 'Vga Gaming Vurrion Gtx 750 Ti 4Gb Ddr5 128Bit Gaming Vga Ori')","('Aerocool Lux Rgb 650M Modular Psu 80 Bronze 650W',)",0.0135396518375241,0.6363636363636342,26.990595611285205
"('Aerocool Lux Rgb 650M Modular Psu 80 Bronze 650W',)","('Hardisk Pc 500Gb Hdd Hdd Internal Komputer 500 Gb Sata 3 5',)",0.0135396518375241,0.574267991729471,15.028715528239362
"('Hardisk Pc 500Gb Hdd Hdd Internal Komputer 500 Gb Sata 3 5',)","('Aerocool Lux Rgb 650M Modular Psu 80 Bronze 650W',)",0.0135396518375241,0.3543355693649928,15.028715528239363
"('Memory Ram Pc Hynix 16N11 8 8Gb 1X8 Ddr3 Pc3 12800 1600Mhz',)","('Pc Rakitan Gaming I5 3470 Gtx 1050Ti 4Gb Cocok Editing Render',)",0.0096711798839458,0.1918637299556991,5.244275285455781
"('Pc Rakitan Gaming I5 3470 Gtx 1050Ti 4Gb Cocok Editing Render',)","('Memory Ram Pc Hynix 16N11 8 8Gb 1X8 Ddr3 Pc3 12800 1600Mhz',)",0.0096711798839458,0.2643455834945188,5.244275285455782
"('Hardisk Pc 500Gb Hdd Hdd Internal Komputer 500 Gb Sata 3 5',)","('Memory Ram Pc Hynix 16N11 8 8Gb 1X8 Ddr3 Pc3 12800 1600Mhz', 'Pc Rakitan Gaming I5 3470 Gtx 1050Ti 4Gb Cocok Editing Render')",0.0154738878143133,0.4049549364171357,41.87234042553201
"('Memory Ram Pc Hynix 16N11 8 8Gb 1X8 Ddr3 Pc3 12800 1600Mhz',)","('Hardisk Pc 500Gb Hdd Hdd Internal Komputer 500 Gb Sata 3 5', 'Pc Rakitan Gaming I5 3470 Gtx 1050Ti 4Gb Cocok Editing Render')",0.0154738878143133,0.30698196792911897,26.451612903225772
"('Hardisk Pc 500Gb Hdd Hdd Internal Komputer 500 Gb Sata 3 5', 'Pc Rakitan Gaming I5 3470 Gtx 1050Ti 4Gb Cocok Editing Render')","('Memory Ram Pc Hynix 16N11 8 8Gb 1X8 Ddr3 Pc3 12800 1600Mhz',)",0.0154738878143133,1.3333333333333304,26.451612903225772
"('Memory Ram Pc Hynix 16N11 8 8Gb 1X8 Ddr3 Pc3 12800 1600Mhz', 'Pc Rakitan Gaming I5 3470 Gtx 1050Ti 4Gb Cocok Editing Render')","('Hardisk Pc 500Gb Hdd Hdd Internal Komputer 500 Gb Sata 3 5',)",0.0154738878143133,1.6000000000000019,41.872340425532
"('Memory Ram Pc Hynix 16N11 8 8Gb 1X8 Ddr3 Pc3 12800 1600Mhz',)","('Pc Rakitan Gaming I5 3470 Gtx 1050Ti 4Gb Cocok Editing Render', 'Vga Gaming Vurrion Gtx 750 Ti 4Gb Ddr5 128Bit Gaming Vga Ori')",0.02321083172147,0.4604729518936795,26.451612903225833
"('Pc Rakitan Gaming I5 3470 Gtx 1050Ti 4Gb Cocok Editing Render',)","('Memory Ram Pc Hynix 16N11 8 8Gb 1X8 Ddr3 Pc3 12800 1600Mhz', 'Vga Gaming Vurrion Gtx 750 Ti 4Gb Ddr5 128Bit Gaming Vga Ori')",0.02321083172147,0.6344294003868473,41.00000000000013
"('Vga Gaming Vurrion Gtx 750 Ti 4Gb Ddr5 128Bit Gaming Vga Ori',)","('Memory Ram Pc Hynix 16N11 8 8Gb 1X8 Ddr3 Pc3 12800 1600Mhz', 'Pc Rakitan Gaming I5 3470 Gtx 1050Ti 4Gb Cocok Editing Render')",0.02321083172147,0.07643312101910821,7.903184713375822
"('Memory Ram Pc Hynix 16N11 8 8Gb 1X8 Ddr3 Pc3 12800 1600Mhz', 'Pc Rakitan Gaming I5 3470 Gtx 1050Ti 4Gb Cocok Editing Render')","('Vga Gaming Vurrion Gtx 750 Ti 4Gb Ddr5 128Bit Gaming Vga Ori',)",0.02321083172147,2.400000000000008,7.903184713375822
"('Memory Ram Pc Hynix 16N11 8 8Gb 1X8 Ddr3 Pc3 12800 1600Mhz', 'Vga Gaming Vurrion Gtx 750 Ti 4Gb Ddr5 128Bit Gaming Vga Ori')","('Pc Rakitan Gaming I5 3470 Gtx 1050Ti 4Gb Cocok Editing Render',)",0.02321083172147,1.5000000000000033,41.000000000000135
"('Pc Rakitan Gaming I5 3470 Gtx 1050Ti 4Gb Cocok Editing Render', 'Vga Gaming Vurrion Gtx 750 Ti 4Gb Ddr5 128Bit Gaming Vga Ori')","('Memory Ram Pc Hynix 16N11 8 8Gb 1X8 Ddr3 Pc3 12800 1600Mhz',)",0.02321083172147,1.3333333333333333,26.45161290322583
"('Hardisk Pc 500Gb Hdd Hdd Internal Komputer 500 Gb Sata 3 5',)","('Memory Ram Pc Hynix 16N11 8 8Gb 1X8 Ddr3 Pc3 12800 1600Mhz', 'Pc Rakitan Gaming I5 3470 Gtx 1050Ti 4Gb Cocok Editing Render', 'Vga Gaming Vurrion Gtx 750 Ti 4Gb Ddr5 128Bit Gaming Vga Ori')",0.0154738878143133,0.4049549364171357,17.446808510638277
"('Memory Ram Pc Hynix 16N11 8 8Gb 1X8 Ddr3 Pc3 12800 1600Mhz',)","('Hardisk Pc 500Gb Hdd Hdd Internal Komputer 500 Gb Sata 3 5', 'Pc Rakitan Gaming I5 3470 Gtx 1050Ti 4Gb Cocok Editing Render', 'Vga Gaming Vurrion Gtx 750 Ti 4Gb Ddr5 128Bit Gaming Vga Ori')",0.0154738878143133,0.30698196792911897,12.208436724565773
"('Pc Rakitan Gaming I5 3470 Gtx 1050Ti 4Gb Cocok Editing Render',)","('Hardisk Pc 500Gb Hdd Hdd Internal Komputer 500 Gb Sata 3 5', 'Memory Ram Pc Hynix 16N11 8 8Gb 1X8 Ddr3 Pc3 12800 1600Mhz', 'Vga Gaming Vurrion Gtx 750 Ti 4Gb Ddr5 128Bit Gaming Vga Ori')",0.0154738878143133,0.4229529335912306,16.820512820512846
"('Vga Gaming Vurrion Gtx 750 Ti 4Gb Ddr5 128Bit Gaming Vga Ori',)","('Hardisk Pc 500Gb Hdd Hdd Internal Komputer 500 Gb Sata 3 5', 'Memory Ram Pc Hynix 16N11 8 8Gb 1X8 Ddr3 Pc3 12800 1600Mhz', 'Pc Rakitan Gaming I5 3470 Gtx 1050Ti 4Gb Cocok Editing Render')",0.0154738878143133,0.050955414012738696,3.2929936305732483
"('Hardisk Pc 500Gb Hdd Hdd Internal Komputer 500 Gb Sata 3 5', 'Pc Rakitan Gaming I5 3470 Gtx 1050Ti 4Gb Cocok Editing Render')","('Memory Ram Pc Hynix 16N11 8 8Gb 1X8 Ddr3 Pc3 12800 1600Mhz', 'Vga Gaming Vurrion Gtx 750 Ti 4Gb Ddr5 128Bit Gaming Vga Ori')",0.0154738878143133,1.3333333333333304,86.16666666666674
"('Hardisk Pc 500Gb Hdd Hdd Internal Komputer 500 Gb Sata 3 5', 'Vga Gaming Vurrion Gtx 750 Ti 4Gb Ddr5 128Bit Gaming Vga Ori')","('Memory Ram Pc Hynix 16N11 8 8Gb 1X8 Ddr3 Pc3 12800 1600Mhz', 'Pc Rakitan Gaming I5 3470 Gtx 1050Ti 4Gb Cocok Editing Render')",0.0154738878143133,0.7272727272727268,75.20000000000027
"('Memory Ram Pc Hynix 16N11 8 8Gb 1X8 Ddr3 Pc3 12800 1600Mhz', 'Pc Rakitan Gaming I5 3470 Gtx 1050Ti 4Gb Cocok Editing Render')","('Hardisk Pc 500Gb Hdd Hdd Internal Komputer 500 Gb Sata 3 5', 'Vga Gaming Vurrion Gtx 750 Ti 4Gb Ddr5 128Bit Gaming Vga Ori')",0.0154738878143133,1.6000000000000019,75.20000000000027
"('Memory Ram Pc Hynix 16N11 8 8Gb 1X8 Ddr3 Pc3 12800 1600Mhz', 'Vga Gaming Vurrion Gtx 750 Ti 4Gb Ddr5 128Bit Gaming Vga Ori')","('Hardisk Pc 500Gb Hdd Hdd Internal Komputer 500 Gb Sata 3 5', 'Pc Rakitan Gaming I5 3470 Gtx 1050Ti 4Gb Cocok Editing Render')",0.0154738878143133,1.0,86.16666666666674
"('Hardisk Pc 500Gb Hdd Hdd Internal Komputer 500 Gb Sata 3 5', 'Memory Ram Pc Hynix 16N11 8 8Gb 1X8 Ddr3 Pc3 12800 1600Mhz', 'Pc Rakitan Gaming I5 3470 Gtx 1050Ti 4Gb Cocok Editing Render')","('Vga Gaming Vurrion Gtx 750 Ti 4Gb Ddr5 128Bit Gaming Vga Ori',)",0.0154738878143133,1.0,3.2929936305732483
"('Hardisk Pc 500Gb Hdd Hdd Internal Komputer 500 Gb Sata 3 5', 'Memory Ram Pc Hynix 16N11 8 8Gb 1X8 Ddr3 Pc3 12800 1600Mhz', 'Vga Gaming Vurrion Gtx 750 Ti 4Gb Ddr5 128Bit Gaming Vga Ori')","('Pc Rakitan Gaming I5 3470 Gtx 1050Ti 4Gb Cocok Editing Render',)",0.0154738878143133,0.6153846153846156,16.820512820512846
"('Hardisk Pc 500Gb Hdd Hdd Internal Komputer 500 Gb Sata 3 5', 'Pc Rakitan Gaming I5 3470 Gtx 1050Ti 4Gb Cocok Editing Render', 'Vga Gaming Vurrion Gtx 750 Ti 4Gb Ddr5 128Bit Gaming Vga Ori')","('Memory Ram Pc Hynix 16N11 8 8Gb 1X8 Ddr3 Pc3 12800 1600Mhz',)",0.0154738878143133,0.6153846153846156,12.208436724565773
"('Memory Ram Pc Hynix 16N11 8 8Gb 1X8 Ddr3 Pc3 12800 1600Mhz', 'Pc Rakitan Gaming I5 3470 Gtx 1050Ti 4Gb Cocok Editing Render', 'Vga Gaming Vurrion Gtx 750 Ti 4Gb Ddr5 128Bit Gaming Vga Ori')","('Hardisk Pc 500Gb Hdd Hdd Internal Komputer 500 Gb Sata 3 5',)",0.0154738878143133,0.6666666666666652,17.446808510638277
"('Hardisk Pc 500Gb Hdd Hdd Internal Komputer 500 Gb Sata 3 5',)","('Pc Rakitan Gaming I5 3470 Gtx 1050Ti 4Gb Cocok Editing Render',)",0.011605415860735,0.3037162023128524,8.301576196551308
"('Pc Rakitan Gaming I5 3470 Gtx 1050Ti 4Gb Cocok Editing Render',)","('Hardisk Pc 500Gb Hdd Hdd Internal Komputer 500 Gb Sata 3 5',)",0.011605415860735,0.3172147001934236,8.301576196551308
"('Hardisk Pc 500Gb Hdd Hdd Internal Komputer 500 Gb Sata 3 5',)","('Pc Rakitan Gaming I5 3470 Gtx 1050Ti 4Gb Cocok Editing Render', 'Vga Gaming Vurrion Gtx 750 Ti 4Gb Ddr5 128Bit Gaming Vga Ori')",0.0251450676982591,0.6580517716778452,37.80141843971625
"('Pc Rakitan Gaming I5 3470 Gtx 1050Ti 4Gb Cocok Editing Render',)","('Hardisk Pc 500Gb Hdd Hdd Internal Komputer 500 Gb Sata 3 5', 'Vga Gaming Vurrion Gtx 750 Ti 4Gb Ddr5 128Bit Gaming Vga Ori')",0.0251450676982591,0.6872985170857494,32.303030303030305
"('Vga Gaming Vurrion Gtx 750 Ti 4Gb Ddr5 128Bit Gaming Vga Ori',)","('Hardisk Pc 500Gb Hdd Hdd Internal Komputer 500 Gb Sata 3 5', 'Pc Rakitan Gaming I5 3470 Gtx 1050Ti 4Gb Cocok Editing Render')",0.0251450676982591,0.08280254777070034,7.134819532908685
"('Hardisk Pc 500Gb Hdd Hdd Internal Komputer 500 Gb Sata 3 5', 'Pc Rakitan Gaming I5 3470 Gtx 1050Ti 4Gb Cocok Editing Render')","('Vga Gaming Vurrion Gtx 750 Ti 4Gb Ddr5 128Bit Gaming Vga Ori',)",0.0251450676982591,2.1666666666666607,7.134819532908685
"('Hardisk Pc 500Gb Hdd Hdd Internal Komputer 500 Gb Sata 3 5', 'Vga Gaming Vurrion Gtx 750 Ti 4Gb Ddr5 128Bit Gaming Vga Ori')","('Pc Rakitan Gaming I5 3470 Gtx 1050Ti 4Gb Cocok Editing Render',)",0.0251450676982591,1.1818181818181805,32.3030303030303
"('Pc Rakitan Gaming I5 3470 Gtx 1050Ti 4Gb Cocok Editing Render', 'Vga Gaming Vurrion Gtx 750 Ti 4Gb Ddr5 128Bit Gaming Vga Ori')","('Hardisk Pc 500Gb Hdd Hdd Internal Komputer 500 Gb Sata 3 5',)",0.0251450676982591,1.4444444444444406,37.80141843971625
"('Pc Rakitan Gaming I5 3470 Gtx 1050Ti 4Gb Cocok Editing Render',)","('Vga Gaming Vurrion Gtx 750 Ti 4Gb Ddr5 128Bit Gaming Vga Ori',)",0.0174081237911025,0.47582205029013547,1.56687898089172
"('Vga Gaming Vurrion Gtx 750 Ti 4Gb Ddr5 128Bit Gaming Vga Ori',)","('Pc Rakitan Gaming I5 3470 Gtx 1050Ti 4Gb Cocok Editing Render',)",0.0174081237911025,0.05732484076433116,1.56687898089172
"('Pc Rakitan Gaming I5 3470 Gtx 1050Ti 4Gb Cocok Editing Render',)","('Vga Gaming Vurrion Gtx 750 Ti 4Gb Ddr5 128Bit Gaming Vga Ori',)",0.011605415860735,0.3172147001934236,1.0445859872611465
"('Vga Gaming Vurrion Gtx 750 Ti 4Gb Ddr5 128Bit Gaming Vga Ori',)","('Pc Rakitan Gaming I5 3470 Gtx 1050Ti 4Gb Cocok Editing Render',)",0.011605415860735,0.038216560509554104,1.0445859872611465
"('Vga Gaming Vurrion Gtx 750 Ti 4Gb Ddr5 128Bit Gaming Vga Ori',)","('Pc Rakitan Gaming I5 3470 Gtx 1050Ti 4Gb Cocok Editing Render',)",0.011605415860735,0.038216560509554104,1.0445859872611465
"('Vga Gaming Vurrion Gtx 750 Ti 4Gb Ddr5 128Bit Gaming Vga Ori', 'Vga Gaming Vurrion Gtx 750 Ti 4Gb Ddr5 128Bit Gaming Vga Ori')","('Pc Rakitan Gaming I5 3470 Gtx 1050Ti 4Gb Cocok Editing Render',)",0.011605415860735,0.30000000000000027,8.200000000000015
"('Cpu Pc Rakitan Core I5 For Office Bonus Usb Wifi Wireles',)","('Vga Gaming Vurrion Gtx 750 Ti 4Gb Ddr5 128Bit Gaming Vga Ori',)",0.011605415860735,0.3568665377176016,1.1751592356687899
"('Cpu Pc Rakitan Core I5 For Office Bonus Usb Wifi Wireles',)","('Vga Gaming Vurrion Gtx 750 Ti 4Gb Ddr5 128Bit Gaming Vga Ori',)",0.011605415860735,0.3568665377176016,1.1751592356687899
"('Vga Gaming Vurrion Gtx 750 Ti 4Gb Ddr5 128Bit Gaming Vga Ori',)","('Cpu Pc Rakitan Core I5 For Office Bonus Usb Wifi Wireles',)",0.011605415860735,0.038216560509554104,1.1751592356687899
"('Cpu Pc Rakitan Core I5 For Office Bonus Usb Wifi Wireles', 'Cpu Pc Rakitan Core I5 For Office Bonus Usb Wifi Wireles')","('Vga Gaming Vurrion Gtx 750 Ti 4Gb Ddr5 128Bit Gaming Vga Ori',)",0.011605415860735,0.600000000000002,1.9757961783439555
"('Cpu Pc Rakitan Core I5 For Office Bonus Usb Wifi Wireles',)","('Vga Gaming Vurrion Gtx 750 Ti 4Gb Ddr5 128Bit Gaming Vga Ori',)",0.0251450676982591,0.7732108317214681,2.5461783439490384
"('Vga Gaming Vurrion Gtx 750 Ti 4Gb Ddr5 128Bit Gaming Vga Ori',)","('Cpu Pc Rakitan Core I5 For Office Bonus Usb Wifi Wireles',)",0.0251450676982591,0.08280254777070034,2.546178343949038
"('Cpu Pc Rakitan Core I5 For Office Bonus Usb Wifi Wireles',)","('Vga Gaming Vurrion Gtx 750 Ti 4Gb Ddr5 128Bit Gaming Vga Ori',)",0.0174081237911025,0.5352998065764024,1.762738853503185
"('Vga Gaming Vurrion Gtx 750 Ti 4Gb Ddr5 128Bit Gaming Vga Ori',)","('Cpu Pc Rakitan Core I5 For Office Bonus Usb Wifi Wireles',)",0.0174081237911025,0.05732484076433116,1.762738853503185
"('Vga Gaming Vurrion Gtx 750 Ti 4Gb Ddr5 128Bit Gaming Vga Ori',)","('Cpu Pc Rakitan Core I5 For Office Bonus Usb Wifi Wireles',)",0.0174081237911025,0.05732484076433116,1.762738853503185
"('Vga Gaming Vurrion Gtx 750 Ti 4Gb Ddr5 128Bit Gaming Vga Ori', 'Vga Gaming Vurrion Gtx 750 Ti 4Gb Ddr5 128Bit Gaming Vga Ori')","('Cpu Pc Rakitan Core I5 For Office Bonus Usb Wifi Wireles',)",0.0174081237911025,0.4500000000000004,13.837500000000025
"('Hardisk Pc 500Gb Hdd Hdd Internal Komputer 500 Gb Sata 3 5',)","('Memory Ram Pc Hynix 16N11 8 8Gb 1X8 Ddr3 Pc3 12800 1600Mhz',)",0.0096711798839458,0.2530968352607095,5.021114635010854
"('Memory Ram Pc Hynix 16N11 8 8Gb 1X8 Ddr3 Pc3 12800 1600Mhz',)","('Hardisk Pc 500Gb Hdd Hdd Internal Komputer 500 Gb Sata 3 5',)",0.0096711798839458,0.1918637299556991,5.021114635010854
"('Memory Ram Pc Hynix 16N11 8 8Gb 1X8 Ddr3 Pc3 12800 1600Mhz',)","('Hardisk Pc 500Gb Hdd Hdd Internal Komputer 500 Gb Sata 3 5',)",0.0096711798839458,0.1918637299556991,5.021114635010854
"('Memory Ram Pc Hynix 16N11 8 8Gb 1X8 Ddr3 Pc3 12800 1600Mhz', 'Memory Ram Pc Hynix 16N11 8 8Gb 1X8 Ddr3 Pc3 12800 1600Mhz')","('Hardisk Pc 500Gb Hdd Hdd Internal Komputer 500 Gb Sata 3 5',)",0.0096711798839458,0.6249999999999992,16.3563829787234
"('Hardisk Pc 500Gb Hdd Hdd Internal Komputer 500 Gb Sata 3 5',)","('Memory Ram Pc Hynix 16N11 8 8Gb 1X8 Ddr3 Pc3 12800 1600Mhz', 'Vga Gaming Vurrion Gtx 750 Ti 4Gb Ddr5 128Bit Gaming Vga Ori')",0.011605415860735,0.3037162023128524,19.627659574468147
"('Memory Ram Pc Hynix 16N11 8 8Gb 1X8 Ddr3 Pc3 12800 1600Mhz',)","('Hardisk Pc 500Gb Hdd Hdd Internal Komputer 500 Gb Sata 3 5', 'Vga Gaming Vurrion Gtx 750 Ti 4Gb Ddr5 128Bit Gaming Vga Ori')",0.011605415860735,0.23023647594683974,10.821114369501494
"('Memory Ram Pc Hynix 16N11 8 8Gb 1X8 Ddr3 Pc3 12800 1600Mhz',)","('Hardisk Pc 500Gb Hdd Hdd Internal Komputer 500 Gb Sata 3 5', 'Vga Gaming Vurrion Gtx 750 Ti 4Gb Ddr5 128Bit Gaming Vga Ori')",0.011605415860735,0.23023647594683974,10.821114369501494
"('Hardisk Pc 500Gb Hdd Hdd Internal Komputer 500 Gb Sata 3 5', 'Vga Gaming Vurrion Gtx 750 Ti 4Gb Ddr5 128Bit Gaming Vga Ori')","('Memory Ram Pc Hynix 16N11 8 8Gb 1X8 Ddr3 Pc3 12800 1600Mhz',)",0.011605415860735,0.5454545454545463,10.821114369501494
"('Memory Ram Pc Hynix 16N11 8 8Gb 1X8 Ddr3 Pc3 12800 1600Mhz', 'Memory Ram Pc Hynix 16N11 8 8Gb 1X8 Ddr3 Pc3 12800 1600Mhz')","('Hardisk Pc 500Gb Hdd Hdd Internal Komputer 500 Gb Sata 3 5', 'Vga Gaming Vurrion Gtx 750 Ti 4Gb Ddr5 128Bit Gaming Vga Ori')",0.011605415860735,0.7500000000000017,35.25000000000016
"('Memory Ram Pc Hynix 16N11 8 8Gb 1X8 Ddr3 Pc3 12800 1600Mhz', 'Vga Gaming Vurrion Gtx 750 Ti 4Gb Ddr5 128Bit Gaming Vga Ori')","('Hardisk Pc 500Gb Hdd Hdd Internal Komputer 500 Gb Sata 3 5',)",0.011605415860735,0.7500000000000017,19.627659574468147
"('Memory Ram Pc Hynix 16N11 8 8Gb 1X8 Ddr3 Pc3 12800 1600Mhz', 'Vga Gaming Vurrion Gtx 750 Ti 4Gb Ddr5 128Bit Gaming Vga Ori')","('Hardisk Pc 500Gb Hdd Hdd Internal Komputer 500 Gb Sata 3 5',)",0.011605415860735,0.7500000000000017,19.627659574468147
"('Hardisk Pc 500Gb Hdd Hdd Internal Komputer 500 Gb Sata 3 5', 'Memory Ram Pc Hynix 16N11 8 8Gb 1X8 Ddr3 Pc3 12800 1600Mhz', 'Memory Ram Pc Hynix 16N11 8 8Gb 1X8 Ddr3 Pc3 12800 1600Mhz')","('Vga Gaming Vurrion Gtx 750 Ti 4Gb Ddr5 128Bit Gaming Vga Ori',)",0.011605415860735,1.200000000000004,3.951592356687911
"('Hardisk Pc 500Gb Hdd Hdd Internal Komputer 500 Gb Sata 3 5',)","('Memory Ram Pc Hynix 16N11 8 8Gb 1X8 Ddr3 Pc3 12800 1600Mhz', 'Vga Gaming Vurrion Gtx 750 Ti 4Gb Ddr5 128Bit Gaming Vga Ori')",0.0251450676982591,0.6580517716778452,42.526595744680876
"('Memory Ram Pc Hynix 16N11 8 8Gb 1X8 Ddr3 Pc3 12800 1600Mhz',)","('Hardisk Pc 500Gb Hdd Hdd Internal Komputer 500 Gb Sata 3 5', 'Vga Gaming Vurrion Gtx 750 Ti 4Gb Ddr5 128Bit Gaming Vga Ori')",0.0251450676982591,0.4988456978848181,23.445747800586506
"('Hardisk Pc 500Gb Hdd Hdd Internal Komputer 500 Gb Sata 3 5', 'Vga Gaming Vurrion Gtx 750 Ti 4Gb Ddr5 128Bit Gaming Vga Ori')","('Memory Ram Pc Hynix 16N11 8 8Gb 1X8 Ddr3 Pc3 12800 1600Mhz',)",0.0251450676982591,1.1818181818181805,23.445747800586506
"('Memory Ram Pc Hynix 16N11 8 8Gb 1X8 Ddr3 Pc3 12800 1600Mhz', 'Vga Gaming Vurrion Gtx 750 Ti 4Gb Ddr5 128Bit Gaming Vga Ori')","('Hardisk Pc 500Gb Hdd Hdd Internal Komputer 500 Gb Sata 3 5',)",0.0251450676982591,1.6249999999999993,42.526595744680876
"('Hardisk Pc 500Gb Hdd Hdd Internal Komputer 500 Gb Sata 3 5',)","('Memory Ram Pc Hynix 16N11 8 8Gb 1X8 Ddr3 Pc3 12800 1600Mhz', 'Vga Gaming Vurrion Gtx 750 Ti 4Gb Ddr5 128Bit Gaming Vga Ori')",0.02321083172147,0.6074324046257048,39.255319148936294
"('Memory Ram Pc Hynix 16N11 8 8Gb 1X8 Ddr3 Pc3 12800 1600Mhz',)","('Hardisk Pc 500Gb Hdd Hdd Internal Komputer 500 Gb Sata 3 5', 'Vga Gaming Vurrion Gtx 750 Ti 4Gb Ddr5 128Bit Gaming Vga Ori')",0.02321083172147,0.4604729518936795,21.642228739002988
"('Hardisk Pc 500Gb Hdd Hdd Internal Komputer 500 Gb Sata 3 5', 'Vga Gaming Vurrion Gtx 750 Ti 4Gb Ddr5 128Bit Gaming Vga Ori')","('Memory Ram Pc Hynix 16N11 8 8Gb 1X8 Ddr3 Pc3 12800 1600Mhz',)",0.02321083172147,1.0909090909090926,21.642228739002988
"('Hardisk Pc 500Gb Hdd Hdd Internal Komputer 500 Gb Sata 3 5', 'Vga Gaming Vurrion Gtx 750 Ti 4Gb Ddr5 128Bit Gaming Vga Ori')","('Memory Ram Pc Hynix 16N11 8 8Gb 1X8 Ddr3 Pc3 12800 1600Mhz',)",0.02321083172147,1.0909090909090926,21.642228739002988
"('Memory Ram Pc Hynix 16N11 8 8Gb 1X8 Ddr3 Pc3 12800 1600Mhz', 'Vga Gaming Vurrion Gtx 750 Ti 4Gb Ddr5 128Bit Gaming Vga Ori')","('Hardisk Pc 500Gb Hdd Hdd Internal Komputer 500 Gb Sata 3 5',)",0.02321083172147,1.5000000000000033,39.255319148936294
"('Memory Ram Pc Hynix 16N11 8 8Gb 1X8 Ddr3 Pc3 12800 1600Mhz', 'Vga Gaming Vurrion Gtx 750 Ti 4Gb Ddr5 128Bit Gaming Vga Ori')","('Hardisk Pc 500Gb Hdd Hdd Internal Komputer 500 Gb Sata 3 5',)",0.02321083172147,1.5000000000000033,39.255319148936294
"('Hardisk Pc 500Gb Hdd Hdd Internal Komputer 500 Gb Sata 3 5', 'Vga Gaming Vurrion Gtx 750 Ti 4Gb Ddr5 128Bit Gaming Vga Ori', 'Vga Gaming Vurrion Gtx 750 Ti 4Gb Ddr5 128Bit Gaming Vga Ori')","('Memory Ram Pc Hynix 16N11 8 8Gb 1X8 Ddr3 Pc3 12800 1600Mhz',)",0.02321083172147,1.7142857142857226,34.00921658986195
"('Memory Ram Pc Hynix 16N11 8 8Gb 1X8 Ddr3 Pc3 12800 1600Mhz', 'Vga Gaming Vurrion Gtx 750 Ti 4Gb Ddr5 128Bit Gaming Vga Ori', 'Vga Gaming Vurrion Gtx 750 Ti 4Gb Ddr5 128Bit Gaming Vga Ori')","('Hardisk Pc 500Gb Hdd Hdd Internal Komputer 500 Gb Sata 3 5',)",0.02321083172147,2.0,52.340425531914946
"('Hardisk Pc 500Gb Hdd Hdd Internal Komputer 500 Gb Sata 3 5',)","('Vga Gaming Vurrion Gtx 750 Ti 4Gb Ddr5 128Bit Gaming Vga Ori',)",0.0212765957446808,0.5568130375735618,1.833581786149882
"('Vga Gaming Vurrion Gtx 750 Ti 4Gb Ddr5 128Bit Gaming Vga Ori',)","('Hardisk Pc 500Gb Hdd Hdd Internal Komputer 500 Gb Sata 3 5',)",0.0212765957446808,0.07006369426751576,1.8335817861498822
"('Hardisk Pc 500Gb Hdd Hdd Internal Komputer 500 Gb Sata 3 5',)","('Vga Gaming Vurrion Gtx 750 Ti 4Gb Ddr5 128Bit Gaming Vga Ori',)",0.0135396518375241,0.3543355693649928,1.1668247730044667
"('Vga Gaming Vurrion Gtx 750 Ti 4Gb Ddr5 128Bit Gaming Vga Ori',)","('Hardisk Pc 500Gb Hdd Hdd Internal Komputer 500 Gb Sata 3 5',)",0.0135396518375241,0.04458598726114624,1.1668247730044665
"('Vga Gaming Vurrion Gtx 750 Ti 4Gb Ddr5 128Bit Gaming Vga Ori',)","('Hardisk Pc 500Gb Hdd Hdd Internal Komputer 500 Gb Sata 3 5',)",0.0135396518375241,0.04458598726114624,1.1668247730044665
"('Vga Gaming Vurrion Gtx 750 Ti 4Gb Ddr5 128Bit Gaming Vga Ori', 'Vga Gaming Vurrion Gtx 750 Ti 4Gb Ddr5 128Bit Gaming Vga Ori')","('Hardisk Pc 500Gb Hdd Hdd Internal Komputer 500 Gb Sata 3 5',)",0.0135396518375241,0.3499999999999986,9.15957446808508
"('Memory Ram Pc Hynix 16N11 8 8Gb 1X8 Ddr3 Pc3 12800 1600Mhz',)","('Vga Gaming Vurrion Gtx 750 Ti 4Gb Ddr5 128Bit Gaming Vga Ori',)",0.0154738878143133,0.30698196792911897,1.01088966509143
"('Vga Gaming Vurrion Gtx 750 Ti 4Gb Ddr5 128Bit Gaming Vga Ori',)","('Memory Ram Pc Hynix 16N11 8 8Gb 1X8 Ddr3 Pc3 12800 1600Mhz',)",0.0154738878143133,0.050955414012738696,1.0108896650914299
"('Memory Ram Pc Hynix 16N11 8 8Gb 1X8 Ddr3 Pc3 12800 1600Mhz',)","('Vga Gaming Vurrion Gtx 750 Ti 4Gb Ddr5 128Bit Gaming Vga Ori',)",0.011605415860735,0.23023647594683974,0.7581672488185742
"('Vga Gaming Vurrion Gtx 750 Ti 4Gb Ddr5 128Bit Gaming Vga Ori',)","('Memory Ram Pc Hynix 16N11 8 8Gb 1X8 Ddr3 Pc3 12800 1600Mhz',)",0.011605415860735,0.038216560509554104,0.7581672488185741
"('Vga Gaming Vurrion Gtx 750 Ti 4Gb Ddr5 128Bit Gaming Vga Ori',)","('Memory Ram Pc Hynix 16N11 8 8Gb 1X8 Ddr3 Pc3 12800 1600Mhz',)",0.011605415860735,0.038216560509554104,0.7581672488185741
"('Vga Gaming Vurrion Gtx 750 Ti 4Gb Ddr5 128Bit Gaming Vga Ori', 'Vga Gaming Vurrion Gtx 750 Ti 4Gb Ddr5 128Bit Gaming Vga Ori')","('Memory Ram Pc Hynix 16N11 8 8Gb 1X8 Ddr3 Pc3 12800 1600Mhz',)",0.011605415860735,0.30000000000000027,5.951612903225818
